<http://id.loc.gov/authorities/subjects/sh85009045>	Asylum, Right of
<urn:rula:89be81a6962173bab8f6abdd34ebc67945aaf02140d97361307bccdb8985ed2e>	Unaccompanied refugee children--Canada
<urn:rula:b57040fef08878f9a8064c3d080e17e688086e886204047f7e1528f527116c8d>	Unaccompanied refugee children--Government policy--Canada
<urn:rula:6cc0fcb113019d462ced1b2efc282dac594a913cb7efa147363b9fd0112b13e4>	Unaccompanied refugee children--Government policy--Canada--Evaluation
<urn:rula:8f3bcc25850bf2ecdb3bde067a7e28aedc85d96daeaae079c1a10e927beb9d49>	Unaccompanied refugee children--Services for--Canada
<urn:rula:e8cf19ae1002fd28a13a29bf2296b64ccd24d13ee0a9388f95688e4602e24a54>	Unaccompanied immigrant children--Government policy--Canada
<urn:rula:f1114a15e8146a9b987550ce1212b9892666644428e6ddeb065f6a2c84fc5e21>	Unaccompanied immigrant children--Government policy--Canada--Evaluation
<urn:rula:9c9a4c10e1e9a4a26b39ec369900cd6b9c5673c4ab813fe45722dfe041ccbb8e>	Unaccompanied immigrant children--Services for--Canada
<urn:rula:303ba714948a7bb2ee437ef7ebe8b1089d2f37404ebec0c64ec4c533f8afc50c>	Refugee children--Canada
<urn:rula:0f2cc62026130d44821883079b7b2ef39174052c1d5124c47babbf535cf14efc>	Refugee children--Services for--Canada
<urn:rula:827b40696f2c10bf3631ffaf3784377f0fdb9292a3bfcf1bf43631faec4ef545>	Refugee children--Government policy--Canada
